timestamp_utc,timestamp_ph,segment_id,label,axis,duration_typical_s,duration_traffic_s,tti,distance_m,expected_distance_m,distance_check,speed_kmh,low_traffic_data
2026-08-05T22:36:16.262Z,2026-08-06 06:36:16 PHT,I1_WE_WEST PART,"Verceles St. crossing at I1 (east to west)",NS_highway,26,32,1.231,150,150,OK,16.9,
2026-08-05T22:45:33.264Z,2026-08-06 06:45:33 PHT,I1_WE_WEST PART,"Verceles St. crossing at I1 (east to west)",NS_highway,26,34,1.308,150,150,OK,15.9,
2026-08-05T23:00:14.977Z,2026-08-06 07:00:14 PHT,I1_WE_WEST PART,"Verceles St. crossing at I1 (east to west)",NS_highway,26,34,1.308,150,150,OK,15.9,
2026-08-05T23:16:11.536Z,2026-08-06 07:16:11 PHT,I1_WE_WEST PART,"Verceles St. crossing at I1 (east to west)",NS_highway,26,33,1.269,150,150,OK,16.4,
2026-08-05T23:30:47.898Z,2026-08-06 07:30:47 PHT,I1_WE_WEST PART,"Verceles St. crossing at I1 (east to west)",NS_highway,26,31,1.192,150,150,OK,17.4,
2026-08-05T23:45:36.359Z,2026-08-06 07:45:36 PHT,I1_WE_WEST PART,"Verceles St. crossing at I1 (east to west)",NS_highway,26,32,1.231,150,150,OK,16.9,
2026-08-05T23:57:09.814Z,2026-08-06 07:57:09 PHT,I1_WE_WEST PART,"Verceles St. crossing at I1 (east to west)",NS_highway,26,31,1.192,150,150,OK,17.4,
2026-08-06T08:32:08.018Z,2026-08-06 16:32:08 PHT,I1_WE_WEST PART,"Verceles St. crossing at I1 (east to west)",NS_highway,26,36,1.385,150,150,OK,15.0,
2026-08-06T08:49:45.061Z,2026-08-06 16:49:45 PHT,I1_WE_WEST PART,"Verceles St. crossing at I1 (east to west)",NS_highway,26,30,1.154,150,150,OK,18.0,
